Date,Total_Rescued_Count,Accident_Cause_List,Accident_Outcome_List,Total_Visitor_Count
2018-01-01,0.0,[],[],7454
2018-01-02,1.0,['일반조난'],['인명구조'],4462
2018-01-03,0.0,[],[],4826
2018-01-04,0.0,[],[],3245
2018-01-05,0.0,[],[],3805
2018-01-06,0.0,[],[],7294
2018-01-07,0.0,[],[],6151
2018-01-08,0.0,[],[],3146
2018-01-09,0.0,[],[],1025
2018-01-10,0.0,[],[],2194
2018-01-11,0.0,[],[],2135
2018-01-12,0.0,[],[],3952
2018-01-13,0.0,[],[],6623
2018-01-14,0.0,[],[],6064
2018-01-15,0.0,[],[],2246
2018-01-16,0.0,[],[],2936
2018-01-17,0.0,[],[],2729
2018-01-18,0.0,[],[],4052
2018-01-19,0.0,[],[],4642
2018-01-20,0.0,[],[],6167
2018-01-21,0.0,[],[],6224
2018-01-22,0.0,[],[],4585
2018-01-23,0.0,[],[],1192
2018-01-24,0.0,[],[],2463
2018-01-25,0.0,[],[],1887
2018-01-26,0.0,[],[],2336
2018-01-27,0.0,[],[],6041
2018-01-28,0.0,[],[],4822
2018-01-29,0.0,[],[],1655
2018-01-30,0.0,[],[],1960
2018-01-31,0.0,[],[],1461
2018-02-01,0.0,[],[],2982
2018-02-02,0.0,[],[],3617
2018-02-03,2.0,['일반조난'],['인명구조'],5564
2018-02-04,0.0,[],[],4653
2018-02-05,0.0,[],[],3195
2018-02-06,0.0,[],[],3598
2018-02-07,0.0,[],[],3439
2018-02-08,0.0,[],[],2863
2018-02-09,0.0,[],[],4096
2018-02-10,2.0,['일반조난'],['인명구조'],5089
2018-02-11,0.0,[],[],3435
2018-02-12,0.0,[],[],2450
2018-02-13,0.0,[],[],2486
2018-02-14,1.0,['일반조난'],['인명구조'],2324
2018-02-15,0.0,[],[],4267
2018-02-16,0.0,[],[],7421
2018-02-17,0.0,[],[],10064
2018-02-18,0.0,[],[],7816
2018-02-19,0.0,[],[],3232
2018-02-20,0.0,[],[],3808
2018-02-21,0.0,[],[],3914
2018-02-22,0.0,[],[],3285
2018-02-23,0.0,[],[],5595
2018-02-24,0.0,[],[],7730
2018-02-25,0.0,[],[],7577
2018-02-26,0.0,[],[],4222
2018-02-27,0.0,[],[],5383
2018-02-28,0.0,[],[],1152
2018-03-01,0.0,[],[],3014
2018-03-02,0.0,[],[],5206
2018-03-03,0.0,[],[],9398
2018-03-04,0.0,[],[],4084
2018-03-05,0.0,[],[],1676
2018-03-06,0.0,[],[],2377
2018-03-07,0.0,[],[],1976
2018-03-08,0.0,[],[],1545
2018-03-09,0.0,[],[],3555
2018-03-10,0.0,[],[],6817
2018-03-11,0.0,[],[],5148
2018-03-12,0.0,[],[],2153
2018-03-13,0.0,[],[],1358
2018-03-14,0.0,[],[],2618
2018-03-15,0.0,[],[],2299
2018-03-16,0.0,[],[],2101
2018-03-17,0.0,[],[],10638
2018-03-18,0.0,[],[],7832
2018-03-19,0.0,[],[],3381
2018-03-20,0.0,[],[],2098
2018-03-21,0.0,[],[],1813
2018-03-22,0.0,[],[],2667
2018-03-23,0.0,[],[],3121
2018-03-24,0.0,[],[],9690
2018-03-25,0.0,[],[],6925
2018-03-26,0.0,[],[],4190
2018-03-27,0.0,[],[],2189
2018-03-28,0.0,[],[],2418
2018-03-29,0.0,[],[],3354
2018-03-30,0.0,[],[],4255
2018-03-31,1.0,['실족추락'],['인명구조'],8744
2018-04-01,0.0,[],[],6104
2018-04-02,0.0,[],[],3454
2018-04-03,0.0,[],[],3649
2018-04-04,0.0,[],[],2427
2018-04-05,0.0,[],[],2910
2018-04-06,0.0,[],[],5328
2018-04-07,0.0,[],[],7093
2018-04-08,0.0,[],[],8302
2018-04-09,0.0,[],[],4777
2018-04-10,0.0,[],[],4296
2018-04-11,0.0,[],[],5960
2018-04-12,0.0,[],[],4888
2018-04-13,0.0,[],[],7730
2018-04-14,0.0,[],[],5817
2018-04-15,0.0,[],[],13200
2018-04-16,0.0,[],[],4737
2018-04-17,1.0,['일반조난'],['인명구조'],5747
2018-04-18,0.0,[],[],5398
2018-04-19,0.0,[],[],4319
2018-04-20,0.0,[],[],7591
2018-04-21,0.0,[],[],13107
2018-04-22,0.0,[],[],11878
2018-04-23,0.0,[],[],2106
2018-04-24,0.0,[],[],2632
2018-04-25,0.0,[],[],4417
2018-04-26,0.0,[],[],5042
2018-04-27,0.0,[],[],6844
2018-04-28,0.0,[],[],12266
2018-04-29,0.0,[],[],11224
2018-04-30,1.0,['기타산악'],['안전조치'],7702
2018-05-01,0.0,[],[],6239
2018-05-02,0.0,[],[],2112
2018-05-03,0.0,[],[],3572
2018-05-04,0.0,[],[],2942
2018-05-05,0.0,[],[],10414
2018-05-06,0.0,[],[],10945
2018-05-07,2.0,"['실족추락', '실족추락']","['인명구조', '안전조치']",10974
2018-05-08,0.0,[],[],2123
2018-05-09,0.0,[],[],3162
2018-05-10,0.0,[],[],5267
2018-05-11,0.0,[],[],5331
2018-05-12,0.0,[],[],5451
2018-05-13,0.0,[],[],9099
2018-05-14,0.0,[],[],3996
2018-05-15,0.0,[],[],5308
2018-05-16,0.0,[],[],2233
2018-05-17,0.0,[],[],3526
2018-05-18,0.0,[],[],2225
2018-05-19,0.0,[],[],12072
2018-05-20,5.0,"['실족추락', '개인질환', '개인질환', '기타산악', '개인질환']","['인명구조', '인명구조', '인명구조', '안전조치', '안전조치']",14550
2018-05-21,0.0,[],[],12154
2018-05-22,1.0,['일반조난'],['인명구조'],7904
2018-05-23,0.0,[],[],2993
2018-05-24,0.0,[],[],3407
2018-05-25,0.0,[],[],4883
2018-05-26,1.0,['일반조난'],['인명구조'],10971
2018-05-27,2.0,"['실족추락', '실족추락']","['인명구조', '인명구조']",10066
2018-05-28,1.0,['기타산악'],['인명구조'],5783
2018-05-29,2.0,"['실족추락', '실족추락']","['인명구조', '인명구조']",5786
2018-05-30,0.0,[],[],5402
2018-05-31,0.0,[],[],5134
2018-06-01,0.0,[],[],4711
2018-06-02,3.0,"['기타산악', '기타산악', '기타산악']","['인명구조', '인명구조', '인명구조']",9987
2018-06-03,0.0,[],[],8764
2018-06-04,0.0,[],[],4578
2018-06-05,1.0,"['일반조난', '일반조난']","['안전조치', '인명구조']",4163
2018-06-06,5.0,"['탈진·탈수', '탈진·탈수']","['안전조치', '인명구조']",5460
2018-06-07,0.0,[],[],3932
2018-06-08,0.0,[],[],4807
2018-06-09,0.0,[],[],8890
2018-06-10,2.0,"['실족추락', '일반조난']","['인명구조', '인명구조']",5654
2018-06-11,0.0,[],[],2891
2018-06-12,4.0,"['일반조난', '실족추락', '기타산악']","['인명구조', '인명구조', '인명구조']",5342
2018-06-13,3.0,['탈진·탈수'],['인명구조'],4898
2018-06-14,0.0,[],[],3567
2018-06-15,0.0,[],[],4812
2018-06-16,1.0,['일반조난'],['인명구조'],10957
2018-06-17,1.0,['일반조난'],['인명구조'],10030
2018-06-18,1.0,['실족추락'],['인명구조'],4944
2018-06-19,0.0,[],[],4834
2018-06-20,0.0,[],[],4113
2018-06-21,1.0,['탈진·탈수'],['인명구조'],4531
2018-06-22,2.0,"['개인질환', '기타산악']","['인명구조', '인명구조']",5497
2018-06-23,0.0,[],[],9241
2018-06-24,1.0,['탈진·탈수'],['인명구조'],6451
2018-06-25,0.0,[],[],4355
2018-06-26,0.0,[],[],2274
2018-06-27,0.0,[],[],3320
2018-06-28,0.0,[],[],3781
2018-06-29,0.0,[],[],5351
2018-06-30,0.0,[],[],7343
2018-07-01,0.0,[],[],1639
2018-07-02,0.0,[],[],1812
2018-07-03,0.0,[],[],2772
2018-07-04,0.0,[],[],2492
2018-07-05,0.0,[],[],1690
2018-07-06,0.0,[],[],2056
2018-07-07,0.0,[],[],7852
2018-07-08,0.0,[],[],8997
2018-07-09,0.0,[],[],2539
2018-07-10,0.0,[],[],2502
2018-07-11,0.0,[],[],2052
2018-07-12,1.0,['탈진·탈수'],['인명구조'],5255
2018-07-13,1.0,['탈진·탈수'],['인명구조'],5449
2018-07-14,1.0,"['기타산악', '탈진·탈수', '탈진·탈수']","['인명구조', '인명구조', '안전조치']",8297
2018-07-15,0.0,[],[],6653
2018-07-16,0.0,[],[],4391
2018-07-17,2.0,['탈진·탈수'],['인명구조'],3808
2018-07-18,0.0,[],[],3675
2018-07-19,0.0,[],[],3464
2018-07-20,0.0,[],[],4080
2018-07-21,2.0,"['실족추락', '일반조난']","['인명구조', '인명구조']",7149
2018-07-22,1.0,"['기타산악', '탈진·탈수', '탈진·탈수']","['인명구조', '기타', '안전조치']",5943
2018-07-23,0.0,[],[],3962
2018-07-24,0.0,[],[],4221
2018-07-25,0.0,[],[],3816
2018-07-26,0.0,[],[],4377
2018-07-27,0.0,[],[],4998
2018-07-28,0.0,[],[],6996
2018-07-29,0.0,[],[],8620
2018-07-30,0.0,[],[],6896
2018-07-31,0.0,[],[],8050
2018-08-01,2.0,"['실족추락', '일반조난']","['인명구조', '인명구조']",7800
2018-08-02,0.0,"['일반조난', '기타산악']","['기타', '인명검색']",9696
2018-08-03,4.0,"['탈진·탈수', '일반조난']","['인명구조', '인명구조']",9800
2018-08-04,4.0,['탈진·탈수'],['인명구조'],8796
2018-08-05,0.0,[],[],6737
2018-08-06,0.0,[],[],2402
2018-08-07,0.0,[],[],7076
2018-08-08,1.0,['실족추락'],['인명구조'],5619
2018-08-09,4.0,['일반조난'],['인명구조'],4611
2018-08-10,0.0,[],[],4994
2018-08-11,0.0,[],[],8316
2018-08-12,1.0,['기타산악'],['인명구조'],7296
2018-08-13,0.0,[],[],7708
2018-08-14,1.0,['일반조난'],['인명구조'],7025
2018-08-15,0.0,[],[],6588
2018-08-16,0.0,[],[],6002
2018-08-17,1.0,"['기타산악', '기타산악']","['인명검색', '인명검색']",8052
2018-08-18,2.0,"['일반조난', '실족추락', '기타산악']","['인명구조', '인명구조', '기타']",9636
2018-08-19,0.0,[],[],8011
2018-08-20,1.0,['탈진·탈수'],['인명구조'],6185
2018-08-21,0.0,[],[],4894
2018-08-22,0.0,[],[],4880
2018-08-23,0.0,[],[],1832
2018-08-24,0.0,[],[],746
2018-08-25,0.0,['기타산악'],['인명구조'],7853
2018-08-26,0.0,[],[],8399
2018-08-27,0.0,[],[],4737
2018-08-28,2.0,['기타산악'],['인명구조'],4401
2018-08-29,0.0,[],[],1085
2018-08-30,0.0,[],[],4956
2018-08-31,0.0,[],[],4706
2018-09-01,0.0,[],[],8105
2018-09-02,4.0,['탈진·탈수'],['인명구조'],9172
2018-09-03,0.0,[],[],2824
2018-09-04,1.0,['야생식물 섭취 중독'],['인명구조'],4073
2018-09-05,0.0,[],[],2468
2018-09-06,0.0,[],[],4737
2018-09-07,1.0,"['실족추락', '기타산악']","['인명구조', '안전조치']",3981
2018-09-08,1.0,['개인질환'],['인명구조'],9551
2018-09-09,0.0,[],[],7679
2018-09-10,0.0,[],[],5028
2018-09-11,0.0,[],[],4111
2018-09-12,0.0,[],[],4807
2018-09-13,0.0,[],[],4016
2018-09-14,1.0,['일반조난'],['인명구조'],4223
2018-09-15,3.0,"['실족추락', '실족추락', '실족추락']","['인명구조', '인명구조', '인명구조']",6910
2018-09-16,1.0,['실족추락'],['인명구조'],5686
2018-09-17,0.0,[],[],3193
2018-09-18,0.0,[],[],3499
2018-09-19,0.0,[],[],2634
2018-09-20,0.0,[],[],2708
2018-09-21,0.0,[],[],1287
2018-09-22,4.0,['일반조난'],['인명구조'],6800
2018-09-23,1.0,['일반조난'],['인명구조'],12714
2018-09-24,1.0,['개인질환'],['인명구조'],14856
2018-09-25,1.0,"['실족추락', '실족추락']","['인명구조', '인명구조']",18455
2018-09-26,2.0,"['일반조난', '실족추락', '실족추락', '개인질환']","['안전조치', '인명구조', '인명구조', '인명구조']",8978
2018-09-27,0.0,[],[],7620
2018-09-28,0.0,[],[],6886
2018-09-29,3.0,"['실족추락', '실족추락', '일반조난']","['인명구조', '인명구조', '인명구조']",12028
2018-09-30,1.0,['일반조난'],['인명구조'],11419
2018-10-01,1.0,['탈진·탈수'],['인명구조'],3148
2018-10-02,1.0,['기타산악'],['인명구조'],7931
2018-10-03,3.0,"['실족추락', '실족추락', '기타산악', '실족추락', '실족추락', '기타산악']","['인명구조', '인명구조', '인명구조', '인명구조', '인명구조', '기타']",10100
2018-10-04,0.0,[],[],7113
2018-10-05,0.0,[],[],3007
2018-10-06,0.0,[],[],1742
2018-10-07,2.0,"['저체온증', '탈진·탈수']","['인명구조', '인명구조']",20624
2018-10-08,2.0,"['실족추락', '탈진·탈수']","['인명구조', '인명구조']",18529
2018-10-09,1.0,"['실족추락', '탈진·탈수']","['인명구조', '인명구조']",18626
2018-10-10,0.0,[],[],8565
2018-10-11,3.0,"['실족추락', '기타산악']","['인명구조', '인명구조']",11111
2018-10-12,3.0,['일반조난'],['인명구조'],11634
2018-10-13,6.0,"['실족추락', '실족추락', '실족추락', '탈진·탈수', '탈진·탈수', '탈진·탈수']","['인명구조', '인명구조', '인명구조', '인명구조', '인명구조', '인명구조']",24069
2018-10-14,2.0,"['기타산악', '실족추락', '실족추락']","['인명구조', '인명구조', '인명구조']",24958
2018-10-15,0.0,[],[],13689
2018-10-16,1.0,['탈진·탈수'],['인명구조'],17076
2018-10-17,1.0,['실족추락'],['인명구조'],8709
2018-10-18,0.0,[],[],7520
2018-10-19,0.0,[],[],19633
2018-10-20,8.0,"['탈진·탈수', '실족추락', '일반조난', '일반조난']","['인명구조', '인명구조', '인명구조', '인명구조']",30193
2018-10-21,3.0,"['실족추락', '탈진·탈수', '실족추락', '개인질환']","['인명구조', '인명구조', '인명구조', '안전조치']",29984
2018-10-22,0.0,[],[],17023
2018-10-23,1.0,['실족추락'],['인명구조'],14882
2018-10-24,0.0,[],[],13946
2018-10-25,1.0,['실족추락'],['인명구조'],14437
2018-10-26,0.0,[],[],11273
2018-10-27,2.0,"['개인질환', '기타산악', '실족추락']","['인명구조', '기타', '인명구조']",20719
2018-10-28,3.0,"['기타산악', '실족추락', '기타산악', '기타산악']","['안전조치', '인명구조', '기타', '인명구조']",17612
2018-10-29,0.0,[],[],10129
2018-10-30,0.0,[],[],9665
2018-10-31,0.0,[],[],7443
2018-11-01,0.0,[],[],8929
2018-11-02,2.0,['일반조난'],['인명구조'],9600
2018-11-03,0.0,[],[],27826
2018-11-04,0.0,[],[],27608
2018-11-05,0.0,[],[],7442
2018-11-06,0.0,[],[],6333
2018-11-07,0.0,[],[],2597
2018-11-08,0.0,[],[],2769
2018-11-09,1.0,['일반조난'],['인명구조'],4696
2018-11-10,0.0,[],[],22872
2018-11-11,1.0,['일반조난'],['인명구조'],22016
2018-11-12,0.0,[],[],4457
2018-11-13,0.0,[],[],3539
2018-11-14,0.0,[],[],2682
2018-11-15,0.0,[],[],5263
2018-11-16,0.0,[],[],5048
2018-11-17,0.0,[],[],15454
2018-11-18,0.0,[],[],8165
2018-11-19,0.0,[],[],4186
2018-11-20,0.0,['기타산악'],['인명구조'],3425
2018-11-21,0.0,[],[],2718
2018-11-22,1.0,['실족추락'],['인명구조'],2745
2018-11-23,0.0,[],[],4386
2018-11-24,0.0,[],[],5503
2018-11-25,0.0,[],[],7468
2018-11-26,0.0,[],[],3604
2018-11-27,0.0,[],[],2290
2018-11-28,0.0,[],[],3004
2018-11-29,0.0,[],[],2801
2018-11-30,0.0,[],[],4259
2018-12-01,0.0,[],[],7955
2018-12-02,0.0,[],[],6764
2018-12-03,0.0,[],[],2212
2018-12-04,0.0,[],[],2093
2018-12-05,0.0,[],[],3176
2018-12-06,0.0,[],[],3069
2018-12-07,0.0,[],[],1633
2018-12-08,0.0,[],[],2509
2018-12-09,0.0,[],[],5618
2018-12-10,0.0,[],[],3214
2018-12-11,0.0,[],[],2057
2018-12-12,0.0,[],[],2483
2018-12-13,0.0,[],[],2953
2018-12-14,0.0,[],[],3583
2018-12-15,0.0,[],[],7071
2018-12-16,0.0,[],[],5222
2018-12-17,0.0,[],[],2810
2018-12-18,0.0,[],[],1876
2018-12-19,0.0,[],[],2097
2018-12-20,0.0,[],[],3232
2018-12-21,0.0,[],[],3958
2018-12-22,1.0,['일반조난'],['안전조치'],6812
2018-12-23,0.0,[],[],7716
2018-12-24,0.0,[],[],6203
2018-12-25,0.0,[],[],4430
2018-12-26,0.0,[],[],3574
2018-12-27,0.0,[],[],2783
2018-12-28,0.0,[],[],4184
2018-12-29,0.0,[],[],4047
2018-12-30,0.0,[],[],8128
2018-12-31,0.0,[],[],8465
2019-01-01,0.0,[],[],6040
2019-01-02,0.0,[],[],3238
2019-01-03,0.0,[],[],3370
2019-01-04,0.0,[],[],3444
2019-01-05,0.0,[],[],6638
2019-01-06,0.0,[],[],5413
2019-01-07,1.0,['실족추락'],['인명구조'],2645
2019-01-08,0.0,[],[],2283
2019-01-09,0.0,[],[],2518
2019-01-10,0.0,['기타산악'],['인명검색'],1343
2019-01-11,0.0,['기타산악'],['인명검색'],3943
2019-01-12,1.0,['기타산악'],['인명검색'],6936
2019-01-13,0.0,[],[],6482
2019-01-14,0.0,[],[],3131
2019-01-15,0.0,[],[],2401
2019-01-16,0.0,[],[],2204
2019-01-17,1.0,['일반조난'],['인명구조'],1557
2019-01-18,0.0,[],[],4289
2019-01-19,0.0,[],[],7614
2019-01-20,0.0,[],[],6398
2019-01-21,0.0,[],[],1234
2019-01-22,0.0,[],[],3101
2019-01-23,0.0,[],[],1745
2019-01-24,0.0,[],[],3319
2019-01-25,0.0,[],[],3358
2019-01-26,1.0,['개인질환'],['인명구조'],6561
2019-01-27,0.0,[],[],4786
2019-01-28,1.0,['실족추락'],['인명구조'],1752
2019-01-29,0.0,[],[],2798
2019-01-30,0.0,[],[],1989
2019-01-31,1.0,['실족추락'],['인명구조'],1173
2019-02-01,0.0,[],[],1680
2019-02-02,0.0,[],[],4997
2019-02-03,0.0,[],[],2561
2019-02-04,0.0,[],[],9138
2019-02-05,0.0,[],[],8327
2019-02-06,1.0,"['탈진·탈수', '개인질환']","['인명구조', '안전조치']",5913
2019-02-07,0.0,[],[],4385
2019-02-08,3.0,['실족추락'],['인명구조'],4413
2019-02-09,2.0,['일반조난'],['인명구조'],6466
2019-02-10,0.0,[],[],5017
2019-02-11,0.0,[],[],2648
2019-02-12,0.0,[],[],2902
2019-02-13,0.0,[],[],2690
2019-02-14,0.0,[],[],2315
2019-02-15,0.0,[],[],3000
2019-02-16,0.0,[],[],7906
2019-02-17,0.0,[],[],6472
2019-02-18,0.0,[],[],4351
2019-02-19,0.0,[],[],1364
2019-02-20,0.0,[],[],1930
2019-02-21,0.0,[],[],3134
2019-02-22,0.0,[],[],3851
2019-02-23,1.0,['실족추락'],['인명구조'],8194
2019-02-24,0.0,[],[],7571
2019-02-25,0.0,[],[],5153
2019-02-26,0.0,[],[],4082
2019-02-27,0.0,[],[],3835
2019-02-28,0.0,['기타산악'],['안전조치'],4348
2019-03-01,0.0,[],[],10384
2019-03-02,0.0,[],[],14254
2019-03-03,1.0,['일반조난'],['안전조치'],5494
2019-03-04,0.0,[],[],1747
2019-03-05,1.0,['실족추락'],['인명구조'],1652
2019-03-06,1.0,['개인질환'],['인명구조'],1541
2019-03-07,0.0,[],[],1858
2019-03-08,0.0,[],[],2749
2019-03-09,0.0,[],[],6019
2019-03-10,0.0,[],[],4518
2019-03-11,0.0,[],[],2372
2019-03-12,0.0,[],[],1905
2019-03-13,0.0,[],[],971
2019-03-14,0.0,[],[],1993
2019-03-15,0.0,[],[],2504
2019-03-16,0.0,[],[],6557
2019-03-17,0.0,[],[],5305
2019-03-18,0.0,[],[],2492
2019-03-19,0.0,[],[],2432
2019-03-20,0.0,[],[],1857
2019-03-21,1.0,['개인질환'],['인명구조'],1546
2019-03-22,0.0,[],[],2877
2019-03-23,0.0,[],[],6675
2019-03-24,0.0,[],[],5515
2019-03-25,0.0,[],[],1890
2019-03-26,0.0,[],[],3077
2019-03-27,0.0,[],[],2837
2019-03-28,0.0,[],[],2402
2019-03-29,1.0,['실족추락'],['인명구조'],3369
2019-03-30,0.0,[],[],4417
2019-03-31,0.0,[],[],5422
2019-04-01,0.0,[],[],2738
2019-04-02,0.0,[],[],3352
2019-04-03,0.0,[],[],3465
2019-04-04,0.0,[],[],2547
2019-04-05,0.0,[],[],1236
2019-04-06,0.0,[],[],3994
2019-04-07,0.0,[],[],4398
2019-04-08,0.0,[],[],2971
2019-04-09,0.0,[],[],2762
2019-04-10,0.0,[],[],2279
2019-04-11,0.0,[],[],3823
2019-04-12,0.0,[],[],5077
2019-04-13,0.0,[],[],9027
2019-04-14,0.0,[],[],4721
2019-04-15,0.0,[],[],2860
2019-04-16,0.0,[],[],2030
2019-04-17,0.0,[],[],2674
2019-04-18,0.0,[],[],2926
2019-04-19,0.0,[],[],3980
2019-04-20,0.0,[],[],8192
2019-04-21,1.0,['일반조난'],['안전조치'],7072
2019-04-22,0.0,[],[],3679
2019-04-23,0.0,[],[],3657
2019-04-24,0.0,[],[],3347
2019-04-25,0.0,[],[],3631
2019-04-26,0.0,[],[],2628
2019-04-27,4.0,"['실족추락', '실족추락']","['인명구조', '인명구조']",9542
2019-04-28,0.0,[],[],7057
2019-04-29,0.0,[],[],3545
2019-04-30,0.0,[],[],3902
2019-05-01,0.0,[],[],5310
2019-05-02,0.0,[],[],5711
2019-05-03,0.0,[],[],5279
2019-05-04,0.0,[],[],9483
2019-05-05,0.0,[],[],14312
2019-05-06,0.0,[],[],7228
2019-05-07,0.0,[],[],2404
2019-05-08,0.0,[],[],1712
2019-05-09,0.0,[],[],2969
2019-05-10,0.0,[],[],3886
2019-05-11,0.0,[],[],7737
2019-05-12,1.0,['실족추락'],['인명구조'],5466
2019-05-13,0.0,[],[],3036
2019-05-14,0.0,[],[],3620
2019-05-15,0.0,[],[],3290
2019-05-16,1.0,['개인질환'],['인명구조'],4513
2019-05-17,1.0,['기타산악'],['인명구조'],4720
2019-05-18,2.0,"['기타산악', '탈진·탈수']","['인명구조', '인명구조']",9474
2019-05-19,0.0,[],[],7329
2019-05-20,0.0,[],[],2972
2019-05-21,0.0,[],[],2828
2019-05-22,0.0,[],[],2021
2019-05-23,0.0,[],[],3873
2019-05-24,2.0,"['개인질환', '개인질환']","['인명구조', '인명구조']",4330
2019-05-25,2.0,"['실족추락', '실족추락', '탈진·탈수']","['인명구조', '기타', '인명구조']",7236
2019-05-26,5.0,"['실족추락', '일반조난']","['인명구조', '인명구조']",8587
2019-05-27,0.0,[],[],2316
2019-05-28,0.0,[],[],3598
2019-05-29,0.0,[],[],2517
2019-05-30,1.0,['실족추락'],['인명구조'],3132
2019-05-31,0.0,[],[],3041
2019-06-01,5.0,"['실족추락', '탈진·탈수', '탈진·탈수']","['인명구조', '인명구조', '인명구조']",8874
2019-06-02,0.0,[],[],7943
2019-06-03,0.0,[],[],3648
2019-06-04,0.0,[],[],4543
2019-06-05,0.0,[],[],4687
2019-06-06,0.0,[],[],9739
2019-06-07,0.0,[],[],2514
2019-06-08,1.0,['개인질환'],['인명구조'],11548
2019-06-09,0.0,[],[],4282
2019-06-10,0.0,[],[],6694
2019-06-11,0.0,[],[],3383
2019-06-12,0.0,[],[],3581
2019-06-13,0.0,[],[],3647
2019-06-14,0.0,[],[],4452
2019-06-15,0.0,[],[],6856
2019-06-16,0.0,[],[],5644
2019-06-17,0.0,[],[],3687
2019-06-18,0.0,[],[],2924
2019-06-19,0.0,[],[],2808
2019-06-20,0.0,[],[],3665
2019-06-21,0.0,[],[],3712
2019-06-22,0.0,[],[],8377
2019-06-23,1.0,['낙석·낙빙'],['인명구조'],7679
2019-06-24,0.0,[],[],3884
2019-06-25,0.0,[],[],4044
2019-06-26,0.0,[],[],3192
2019-06-27,0.0,[],[],3798
2019-06-28,0.0,[],[],3668
2019-06-29,0.0,[],[],6987
2019-06-30,1.0,['실족추락'],['인명구조'],6236
2019-07-01,1.0,['탈진·탈수'],['인명구조'],3061
2019-07-02,2.0,['실족추락'],['인명구조'],3416
2019-07-03,0.0,[],[],2904
2019-07-04,0.0,[],[],3418
2019-07-05,0.0,[],[],4188
2019-07-06,0.0,[],[],7886
2019-07-07,0.0,[],[],5558
2019-07-08,0.0,[],[],2940
2019-07-09,0.0,[],[],3942
2019-07-10,0.0,[],[],2044
2019-07-11,0.0,[],[],952
2019-07-12,0.0,[],[],5070
2019-07-13,1.0,"['개인질환', '개인질환']","['안전조치', '인명구조']",7479
2019-07-14,0.0,[],[],3731
2019-07-15,0.0,[],[],3227
2019-07-16,0.0,[],[],2786
2019-07-17,0.0,[],[],3418
2019-07-18,3.0,"['탈진·탈수', '실족추락', '탈진·탈수']","['인명구조', '인명구조', '인명구조']",4351
2019-07-19,0.0,[],[],4547
2019-07-20,2.0,"['일반조난', '일반조난']","['인명구조', '인명구조']",3142
2019-07-21,0.0,[],[],4289
2019-07-22,0.0,[],[],2628
2019-07-23,1.0,['개인질환'],['인명구조'],5359
2019-07-24,0.0,[],[],3982
2019-07-25,1.0,['탈진·탈수'],['인명구조'],4075
2019-07-26,0.0,[],[],2020
2019-07-27,0.0,[],[],7386
2019-07-28,0.0,[],[],6320
2019-07-29,2.0,"['탈진·탈수', '개인질환']","['인명구조', '인명구조']",7969
2019-07-30,0.0,[],[],5498
2019-07-31,1.0,['실족추락'],['인명구조'],6937
2019-08-01,1.0,['일반조난'],['인명구조'],8265
2019-08-02,0.0,['기타산악'],['인명검색'],10266
2019-08-03,0.0,"['기타산악', '기타산악']","['인명검색', '인명검색']",10826
2019-08-04,0.0,['기타산악'],['인명검색'],8977
2019-08-05,0.0,['기타산악'],['기타'],8580
2019-08-06,0.0,[],[],7807
2019-08-07,0.0,[],[],2696
2019-08-08,0.0,[],[],6853
2019-08-09,1.0,['개인질환'],['인명구조'],7308
2019-08-10,0.0,[],[],7212
2019-08-11,1.0,['실족추락'],['인명구조'],5559
2019-08-12,4.0,"['기타산악', '실족추락', '일반조난']","['인명구조', '인명구조', '인명구조']",5115
2019-08-13,0.0,[],[],6419
2019-08-14,0.0,[],[],6068
2019-08-15,0.0,[],[],1429
2019-08-16,0.0,[],[],9830
2019-08-17,0.0,[],[],9361
2019-08-18,0.0,[],[],7723
2019-08-19,0.0,[],[],6416
2019-08-20,0.0,[],[],6366
2019-08-21,0.0,[],[],4472
2019-08-22,0.0,[],[],4768
2019-08-23,0.0,[],[],5912
2019-08-24,0.0,[],[],8242
2019-08-25,1.0,['기타산악'],['인명구조'],7003
2019-08-26,0.0,[],[],5038
2019-08-27,2.0,"['실족추락', '실족추락']","['인명구조', '인명구조']",4525
2019-08-28,0.0,[],[],4338
2019-08-29,0.0,[],[],3534
2019-08-30,0.0,[],[],5324
2019-08-31,0.0,[],[],7623
2019-09-01,1.0,"['실족추락', '실족추락', '탈진·탈수']","['인명구조', '인명구조', '인명구조']",6243
2019-09-02,0.0,[],[],3188
2019-09-03,0.0,[],[],3028
2019-09-04,0.0,[],[],964
2019-09-05,0.0,[],[],2176
2019-09-06,0.0,[],[],1657
2019-09-07,0.0,[],[],1457
2019-09-08,0.0,[],[],3019
2019-09-09,0.0,[],[],1411
2019-09-10,0.0,[],[],1173
2019-09-11,0.0,[],[],1183
2019-09-12,0.0,[],[],8785
2019-09-13,2.0,['탈진·탈수'],['인명구조'],13658
2019-09-14,0.0,[],[],13538
2019-09-15,1.0,['일반조난'],['인명구조'],3814
2019-09-16,1.0,['탈진·탈수'],['인명구조'],3331
2019-09-17,0.0,[],[],3235
2019-09-18,0.0,[],[],3458
2019-09-19,0.0,[],[],3738
2019-09-20,0.0,[],[],4274
2019-09-21,0.0,[],[],8265
2019-09-22,0.0,[],[],1424
2019-09-23,0.0,[],[],2514
2019-09-24,0.0,[],[],4509
2019-09-25,0.0,[],[],4232
2019-09-26,0.0,[],[],5338
2019-09-27,3.0,['탈진·탈수'],['인명구조'],5336
2019-09-28,6.0,"['실족추락', '탈진·탈수', '탈진·탈수', '탈진·탈수', '탈진·탈수']","['인명구조', '인명구조', '인명구조', '인명구조', '인명구조']",10307
2019-09-29,5.0,"['개인질환', '개인질환', '개인질환', '실족추락']","['인명구조', '인명구조', '인명구조', '인명구조']",10394
2019-09-30,1.0,['실족추락'],['인명구조'],5122
2019-10-01,1.0,"['기타산악', '탈진·탈수']","['안전조치', '인명구조']",6742
2019-10-02,0.0,[],[],2886
2019-10-03,0.0,[],[],1594
2019-10-04,3.0,"['개인질환', '일반조난']","['인명구조', '인명구조']",14135
2019-10-05,1.0,"['저체온증', '저체온증']","['인명구조', '인명구조']",5434
2019-10-06,3.0,"['실족추락', '실족추락', '기타산악', '탈진·탈수']","['인명구조', '인명구조', '안전조치', '인명구조']",15594
2019-10-07,0.0,[],[],6526
2019-10-08,1.0,['개인질환'],['인명구조'],7833
2019-10-09,8.0,"['실족추락', '개인질환', '개인질환', '기타산악', '실족추락', '탈진·탈수', '기타산악', '일반조난']","['인명구조', '인명구조', '인명구조', '기타', '인명구조', '인명구조', '인명구조', '안전조치']",12365
2019-10-10,2.0,"['실족추락', '기타산악', '탈진·탈수']","['인명구조', '인명구조', '인명구조']",8937
2019-10-11,2.0,"['개인질환', '개인질환', '실족추락']","['인명구조', '안전조치', '인명구조']",9070
2019-10-12,9.0,"['탈진·탈수', '기타산악', '탈진·탈수', '기타산악', '실족추락', '기타산악', '일반조난', '기타산악', '탈진·탈수']","['인명구조', '인명구조', '인명구조', '인명구조', '인명구조', '인명구조', '인명구조', '인명구조', '인명구조']",15192
2019-10-13,0.0,"['기타산악', '기타산악']","['안전조치', '안전조치']",19430
2019-10-14,0.0,[],[],9865
2019-10-15,0.0,[],[],10918
2019-10-16,0.0,['기타산악'],['인명구조'],11975
2019-10-17,1.0,['개인질환'],['인명구조'],13276
2019-10-18,0.0,[],[],12867
2019-10-19,1.0,"['기타산악', '탈진·탈수']","['안전조치', '인명구조']",25206
2019-10-20,4.0,"['실족추락', '기타산악', '개인질환', '탈진·탈수', '탈진·탈수']","['인명구조', '인명구조', '인명구조', '인명구조', '인명구조']",25058
2019-10-21,3.0,"['실족추락', '탈진·탈수']","['인명구조', '인명구조']",7911
2019-10-22,0.0,[],[],12666
2019-10-23,0.0,[],[],11367
2019-10-24,0.0,[],[],11520
2019-10-25,0.0,[],[],13239
2019-10-26,0.0,[],[],23414
2019-10-27,1.0,['기타산악'],['인명구조'],22987
2019-10-28,1.0,['실족추락'],['인명구조'],11698
2019-10-29,0.0,[],[],9160
2019-10-30,0.0,[],[],8522
2019-10-31,1.0,['실족추락'],['인명구조'],6818
2019-11-01,0.0,[],[],316
2019-11-02,7.0,"['탈진·탈수', '탈진·탈수']","['인명구조', '안전조치']",440
2019-11-03,1.0,['실족추락'],['인명구조'],96
2019-11-04,0.0,[],[],112
2019-11-05,1.0,['탈진·탈수'],['인명구조'],100
2019-11-06,0.0,[],[],1504
2019-11-07,1.0,['실족추락'],['인명구조'],6622
2019-11-08,0.0,[],[],8125
2019-11-09,0.0,[],[],13281
2019-11-10,1.0,['개인질환'],['인명구조'],11091
2019-11-11,0.0,[],[],4537
2019-11-12,1.0,['탈진·탈수'],['인명구조'],4740
2019-11-13,0.0,[],[],3014
2019-11-14,0.0,[],[],3614
2019-11-15,0.0,[],[],5021
2019-11-16,0.0,[],[],10311
2019-11-17,0.0,[],[],7130
2019-11-18,0.0,[],[],2221
2019-11-19,0.0,[],[],2368
2019-11-20,0.0,[],[],2725
2019-11-21,0.0,[],[],3535
2019-11-22,0.0,[],[],4777
2019-11-23,0.0,[],[],8546
2019-11-24,0.0,[],[],6792
2019-11-25,0.0,[],[],2040
2019-11-26,0.0,[],[],3727
2019-11-27,0.0,[],[],2807
2019-11-28,0.0,[],[],2104
2019-11-29,0.0,[],[],4224
2019-11-30,0.0,[],[],8328
2019-12-01,0.0,[],[],5941
2019-12-02,0.0,[],[],2041
2019-12-03,0.0,[],[],2807
2019-12-04,0.0,[],[],2431
2019-12-05,0.0,[],[],2022
2019-12-06,0.0,[],[],3617
2019-12-07,0.0,[],[],3637
2019-12-08,0.0,[],[],5846
2019-12-09,0.0,[],[],3376
2019-12-10,0.0,[],[],1790
2019-12-11,0.0,[],[],2054
2019-12-12,0.0,[],[],3041
2019-12-13,0.0,[],[],3953
2019-12-14,0.0,[],[],6394
2019-12-15,0.0,[],[],5305
2019-12-16,0.0,[],[],3921
2019-12-17,0.0,[],[],2884
2019-12-18,0.0,[],[],2037
2019-12-19,0.0,[],[],2869
2019-12-20,0.0,[],[],3766
2019-12-21,1.0,['탈진·탈수'],['인명구조'],6346
2019-12-22,1.0,['개인질환'],['인명구조'],5489
2019-12-23,0.0,[],[],4091
2019-12-24,0.0,[],[],3262
2019-12-25,0.0,[],[],4450
2019-12-26,0.0,[],[],4461
2019-12-27,0.0,[],[],5706
2019-12-28,0.0,[],[],7675
2019-12-29,0.0,[],[],7025
2019-12-30,0.0,[],[],5960
2019-12-31,0.0,[],[],4207
2020-01-01,0.0,[],[],5865
2020-01-02,0.0,[],[],4559
2020-01-03,0.0,[],[],3103
2020-01-04,1.0,['일반조난'],['인명구조'],3624
2020-01-05,0.0,[],[],6458
2020-01-06,0.0,[],[],3111
2020-01-07,0.0,[],[],1216
2020-01-08,0.0,[],[],1540
2020-01-09,0.0,[],[],2267
2020-01-10,0.0,[],[],3754
2020-01-11,1.0,['일반조난'],['인명구조'],7246
2020-01-12,0.0,[],[],6187
2020-01-13,0.0,[],[],1967
2020-01-14,1.0,['일반조난'],['인명구조'],3237
2020-01-15,0.0,[],[],2251
2020-01-16,0.0,[],[],2405
2020-01-17,0.0,[],[],2917
2020-01-18,0.0,[],[],6284
2020-01-19,0.0,[],[],3538
2020-01-20,0.0,[],[],1780
2020-01-21,0.0,[],[],2360
2020-01-22,1.0,['실족추락'],['인명구조'],1653
2020-01-23,0.0,[],[],1888
2020-01-24,0.0,[],[],3457
2020-01-25,0.0,[],[],9262
2020-01-26,0.0,[],[],5819
2020-01-27,0.0,[],[],5501
2020-01-28,0.0,[],[],2577
2020-01-29,0.0,[],[],2386
2020-01-30,0.0,[],[],1220
2020-01-31,0.0,[],[],3463
2020-02-01,0.0,[],[],6536
2020-02-02,0.0,[],[],4993
2020-02-03,0.0,[],[],2306
2020-02-04,0.0,[],[],2068
2020-02-05,0.0,[],[],1527
2020-02-06,0.0,[],[],1569
2020-02-07,0.0,[],[],2268
2020-02-08,2.0,"['낙석·낙빙', '낙석·낙빙']","['인명구조', '안전조치']",5133
2020-02-09,0.0,[],[],4647
2020-02-10,0.0,[],[],2540
2020-02-11,0.0,[],[],2631
2020-02-12,0.0,[],[],1256
2020-02-13,0.0,[],[],2496
2020-02-14,0.0,[],[],3299
2020-02-15,0.0,[],[],2796
2020-02-16,0.0,[],[],3598
2020-02-17,0.0,[],[],1829
2020-02-18,0.0,[],[],2483
2020-02-19,0.0,[],[],2361
2020-02-20,0.0,[],[],2328
2020-02-21,0.0,[],[],2706
2020-02-22,0.0,[],[],2483
2020-02-23,2.0,"['개인질환', '개인질환']","['인명구조', '인명구조']",3523
2020-02-24,0.0,[],[],1925
2020-02-25,0.0,[],[],744
2020-02-26,0.0,[],[],646
2020-02-27,0.0,[],[],2097
2020-02-28,0.0,[],[],2026
2020-02-29,0.0,[],[],3802
2020-03-01,0.0,[],[],3160
2020-03-02,0.0,[],[],1151
2020-03-03,0.0,[],[],1278
2020-03-04,0.0,[],[],1046
2020-03-05,0.0,[],[],1449
2020-03-06,0.0,[],[],1758
2020-03-07,2.0,"['실족추락', '실족추락']","['인명구조', '인명구조']",3480
2020-03-08,0.0,[],[],4609
2020-03-09,0.0,[],[],1920
2020-03-10,0.0,[],[],425
2020-03-11,0.0,[],[],1549
2020-03-12,0.0,[],[],1927
2020-03-13,0.0,[],[],1936
2020-03-14,0.0,[],[],4322
2020-03-15,0.0,[],[],2492
2020-03-16,0.0,[],[],2587
2020-03-17,0.0,[],[],854
2020-03-18,0.0,[],[],2187
2020-03-19,0.0,[],[],510
2020-03-20,0.0,[],[],1512
2020-03-21,0.0,[],[],4766
2020-03-22,0.0,[],[],4635
2020-03-23,0.0,[],[],1990
2020-03-24,0.0,[],[],1558
2020-03-25,0.0,[],[],1826
2020-03-26,0.0,[],[],1809
2020-03-27,0.0,[],[],636
2020-03-28,0.0,[],[],3982
2020-03-29,0.0,[],[],3380
2020-03-30,0.0,[],[],2290
2020-03-31,0.0,[],[],2513
2020-04-01,0.0,[],[],824
2020-04-02,0.0,[],[],1703
2020-04-03,0.0,[],[],2266
2020-04-04,0.0,[],[],3538
2020-04-05,0.0,[],[],3666
2020-04-06,0.0,[],[],1853
2020-04-07,0.0,[],[],1482
2020-04-08,0.0,[],[],1403
2020-04-09,0.0,[],[],1651
2020-04-10,0.0,[],[],2028
2020-04-11,0.0,[],[],4286
2020-04-12,0.0,[],[],1332
2020-04-13,0.0,[],[],2303
2020-04-14,0.0,[],[],2045
2020-04-15,0.0,[],[],2892
2020-04-16,0.0,[],[],2028
2020-04-17,0.0,[],[],1053
2020-04-18,0.0,[],[],3481
2020-04-19,0.0,[],[],2925
2020-04-20,0.0,[],[],1465
2020-04-21,0.0,[],[],1358
2020-04-22,0.0,[],[],940
2020-04-23,0.0,[],[],1183
2020-04-24,0.0,[],[],1536
2020-04-25,0.0,[],[],4004
2020-04-26,0.0,[],[],3430
2020-04-27,0.0,[],[],1738
2020-04-28,0.0,[],[],1690
2020-04-29,0.0,[],[],2335
2020-04-30,0.0,[],[],7190
2020-05-01,0.0,[],[],8641
2020-05-02,0.0,[],[],7366
2020-05-03,0.0,[],[],7240
2020-05-04,0.0,[],[],4594
2020-05-05,0.0,[],[],3541
2020-05-06,0.0,[],[],2432
2020-05-07,0.0,[],[],2280
2020-05-08,0.0,[],[],2305
2020-05-09,0.0,[],[],1283
2020-05-10,0.0,[],[],4109
2020-05-11,0.0,[],[],1455
2020-05-12,0.0,[],[],1993
2020-05-13,0.0,[],[],1629
2020-05-14,0.0,[],[],2392
2020-05-15,0.0,[],[],1199
2020-05-16,0.0,[],[],3049
2020-05-17,0.0,[],[],3206
2020-05-18,0.0,[],[],1360
2020-05-19,0.0,[],[],259
2020-05-20,0.0,[],[],1271
2020-05-21,0.0,[],[],2456
2020-05-22,0.0,[],[],2850
2020-05-23,0.0,[],[],6087
2020-05-24,0.0,[],[],4268
2020-05-25,2.0,"['실족추락', '실족추락']","['인명구조', '인명구조']",3176
2020-05-26,0.0,[],[],2590
2020-05-27,0.0,[],[],2622
2020-05-28,0.0,[],[],2599
2020-05-29,2.0,"['개인질환', '개인질환', '개인질환']","['인명구조', '인명구조', '인명구조']",3020
2020-05-30,0.0,[],[],6404
2020-05-31,1.0,['실족추락'],['인명구조'],4913
2020-06-01,1.0,['탈진·탈수'],['인명구조'],2554
2020-06-02,0.0,[],[],2403
2020-06-03,0.0,[],[],2685
2020-06-04,0.0,[],[],2654
2020-06-05,0.0,[],[],3555
2020-06-06,4.0,"['실족추락', '탈진·탈수']","['인명구조', '인명구조']",7576
2020-06-07,0.0,[],[],5545
2020-06-08,0.0,[],[],2902
2020-06-09,5.0,"['실족추락', '실족추락', '일반조난']","['인명구조', '인명구조', '인명구조']",2641
2020-06-10,1.0,['실족추락'],['인명구조'],2596
2020-06-11,1.0,['개인질환'],['인명구조'],2704
2020-06-12,0.0,[],[],3386
2020-06-13,3.0,"['기타산악', '실족추락', '탈진·탈수']","['안전조치', '인명구조', '안전조치']",6083
2020-06-14,4.0,"['실족추락', '탈진·탈수']","['인명구조', '인명구조']",4557
2020-06-15,0.0,[],[],2214
2020-06-16,1.0,['탈진·탈수'],['인명구조'],2932
2020-06-17,0.0,[],[],2588
2020-06-18,0.0,[],[],2811
2020-06-19,1.0,['실족추락'],['인명구조'],2516
2020-06-20,0.0,[],[],6776
2020-06-21,4.0,"['개인질환', '탈진·탈수']","['인명구조', '인명구조']",5811
2020-06-22,2.0,"['기타산악', '탈진·탈수']","['안전조치', '안전조치']",3265
2020-06-23,0.0,[],[],2822
2020-06-24,0.0,[],[],1064
2020-06-25,0.0,[],[],1487
2020-06-26,0.0,[],[],3510
2020-06-27,2.0,['실족추락'],['인명구조'],6685
2020-06-28,2.0,"['실족추락', '기타산악']","['인명구조', '안전조치']",5306
2020-06-29,0.0,[],[],3596
2020-06-30,0.0,[],[],3560
2020-07-01,0.0,[],[],2304
2020-07-02,0.0,[],[],3235
2020-07-03,0.0,[],[],3832
2020-07-04,1.0,['일반조난'],['인명구조'],5206
2020-07-05,2.0,"['낙석·낙빙', '개인질환']","['인명구조', '인명구조']",3887
2020-07-06,0.0,[],[],4055
2020-07-07,0.0,[],[],3612
2020-07-08,0.0,[],[],2761
2020-07-09,1.0,['개인질환'],['인명구조'],3150
2020-07-10,0.0,[],[],1460
2020-07-11,0.0,[],[],4013
2020-07-12,0.0,[],[],4624
2020-07-13,0.0,[],[],1224
2020-07-14,0.0,[],[],1307
2020-07-15,1.0,['실족추락'],['인명구조'],3473
2020-07-16,0.0,[],[],3677
2020-07-17,0.0,[],[],4095
2020-07-18,1.0,"['실족추락', '실족추락', '실족추락']","['인명검색', '인명구조', '기타']",5536
2020-07-19,0.0,[],[],3028
2020-07-20,0.0,[],[],3054
2020-07-21,0.0,[],[],3193
2020-07-22,0.0,[],[],2709
2020-07-23,0.0,[],[],2254
2020-07-24,0.0,[],[],280
2020-07-25,0.0,[],[],1222
2020-07-26,1.0,['기타산악'],['인명구조'],3803
2020-07-27,0.0,[],[],3030
2020-07-28,2.0,['일반조난'],['인명구조'],3154
2020-07-29,0.0,[],[],3071
2020-07-30,0.0,[],[],3192
2020-07-31,1.0,"['일반조난', '일반조난']","['안전조치', '인명구조']",5145
2020-08-01,2.0,"['실족추락', '실족추락']","['인명구조', '인명구조']",7980
2020-08-02,0.0,[],[],7073
2020-08-03,0.0,[],[],5335
2020-08-04,0.0,[],[],2480
2020-08-05,0.0,[],[],2580
2020-08-06,0.0,[],[],3536
2020-08-07,0.0,['기타산악'],['인명검색'],6060
2020-08-08,0.0,[],[],4294
2020-08-09,0.0,[],[],2011
2020-08-10,0.0,['기타산악'],['인명검색'],4372
2020-08-11,0.0,[],[],4104
2020-08-12,0.0,[],[],5317
2020-08-13,1.0,"['기타산악', '기타산악']","['인명검색', '인명구조']",6196
2020-08-14,1.0,['실족추락'],['인명구조'],6908
2020-08-15,0.0,[],[],7043
2020-08-16,1.0,['실족추락'],['인명구조'],8100
2020-08-17,1.0,['실족추락'],['인명구조'],7328
2020-08-18,0.0,[],[],6529
2020-08-19,0.0,[],[],5197
2020-08-20,6.0,"['실족추락', '기타산악', '탈진·탈수', '탈진·탈수', '탈진·탈수']","['인명구조', '인명구조', '인명구조', '인명구조', '인명구조']",5079
2020-08-21,0.0,[],[],3554
2020-08-22,1.0,['실족추락'],['인명구조'],5591
2020-08-23,0.0,[],[],6225
2020-08-24,0.0,['기타산악'],['인명검색'],5108
2020-08-25,0.0,[],[],4388
2020-08-26,0.0,[],[],2568
2020-08-27,0.0,[],[],2049
2020-08-28,3.0,['일반조난'],['인명구조'],3864
2020-08-29,0.0,['기타산악'],['기타'],4560
2020-08-30,1.0,['일반조난'],['인명구조'],2816
2020-08-31,1.0,['탈진·탈수'],['인명구조'],2348
2020-09-01,0.0,[],[],2513
2020-09-02,0.0,[],[],6781
2020-09-03,0.0,[],[],568
2020-09-04,0.0,[],[],2750
2020-09-05,0.0,[],[],3562
2020-09-06,0.0,[],[],1741
2020-09-07,0.0,[],[],120
2020-09-08,0.0,[],[],1163
2020-09-09,0.0,[],[],1973
2020-09-10,0.0,[],[],2314
2020-09-11,0.0,[],[],2298
2020-09-12,0.0,[],[],1368
2020-09-13,0.0,[],[],3114
2020-09-14,0.0,[],[],2543
2020-09-15,0.0,[],[],2045
2020-09-16,0.0,[],[],1451
2020-09-17,0.0,[],[],1897
2020-09-18,0.0,[],[],2515
2020-09-19,0.0,[],[],4270
2020-09-20,0.0,[],[],4003
2020-09-21,0.0,['개인질환'],['인명구조'],2538
2020-09-22,0.0,[],[],2032
2020-09-23,0.0,[],[],1567
2020-09-24,0.0,[],[],1110
2020-09-25,0.0,[],[],1030
2020-09-26,0.0,[],[],2382
2020-09-27,0.0,[],[],3700
2020-09-28,0.0,[],[],2752
2020-09-29,0.0,[],[],2728
2020-09-30,0.0,[],[],3712
2020-10-01,1.0,"['실족추락', '개인질환', '탈진·탈수']","['인명구조', '인명구조', '인명구조']",9664
2020-10-02,1.0,['일반조난'],['인명구조'],15123
2020-10-03,0.0,[],[],10775
2020-10-04,0.0,[],[],4317
2020-10-05,0.0,[],[],2627
2020-10-06,1.0,['탈진·탈수'],['인명구조'],3498
2020-10-07,0.0,[],[],3007
2020-10-08,0.0,[],[],13346
2020-10-09,8.0,"['실족추락', '개인질환', '개인질환', '탈진·탈수', '탈진·탈수']","['인명구조', '인명구조', '인명구조', '인명구조', '인명구조']",13346
2020-10-10,7.0,"['탈진·탈수', '실족추락', '탈진·탈수', '기타산악', '탈진·탈수', '탈진·탈수', '일반조난']","['인명구조', '인명구조', '인명구조', '인명구조', '인명구조', '인명구조', '인명구조']",15926
2020-10-11,1.0,['실족추락'],['인명구조'],8196
2020-10-12,4.0,"['실족추락', '실족추락', '실족추락', '실족추락', '탈진·탈수']","['인명구조', '인명구조', '안전조치', '인명구조', '인명구조']",5628
2020-10-13,1.0,['탈진·탈수'],['인명구조'],5003
2020-10-14,0.0,[],[],5540
2020-10-15,1.0,['실족추락'],['인명구조'],6856
2020-10-16,0.0,[],[],7878
2020-10-17,2.0,"['기타산악', '기타산악', '일반조난', '탈진·탈수']","['안전조치', '안전조치', '인명구조', '인명구조']",17901
2020-10-18,7.0,"['탈진·탈수', '개인질환', '탈진·탈수', '일반조난']","['인명구조', '인명구조', '인명구조', '인명구조']",15705
2020-10-19,0.0,['기타산악'],['인명구조'],9896
2020-10-20,0.0,[],[],9326
2020-10-21,3.0,['탈진·탈수'],['인명구조'],7810
2020-10-22,2.0,"['실족추락', '기타산악', '탈진·탈수']","['인명구조', '안전조치', '인명구조']",7096
2020-10-23,0.0,[],[],7988
2020-10-24,2.0,"['실족추락', '기타산악', '기타산악']","['인명구조', '인명구조', '인명구조']",13912
2020-10-25,0.0,[],[],12739
2020-10-26,0.0,[],[],7819
2020-10-27,0.0,[],[],7710
2020-10-28,0.0,[],[],6715
2020-10-29,0.0,[],[],6412
2020-10-30,1.0,['탈진·탈수'],['인명구조'],7051
2020-10-31,0.0,['기타산악'],['안전조치'],1710
2020-11-01,0.0,[],[],8332
2020-11-02,0.0,[],[],6836
2020-11-03,0.0,[],[],3911
2020-11-04,0.0,[],[],5018
2020-11-05,0.0,[],[],4928
2020-11-06,0.0,[],[],5939
2020-11-07,3.0,"['기타산악', '기타산악', '개인질환']","['인명구조', '안전조치', '인명구조']",9940
2020-11-08,1.0,['실족추락'],['인명구조'],7496
2020-11-09,3.0,"['실족추락', '탈진·탈수']","['인명구조', '인명구조']",5156
2020-11-10,0.0,[],[],4063
2020-11-11,1.0,['탈진·탈수'],['인명구조'],3611
2020-11-12,1.0,['실족추락'],['인명구조'],3774
2020-11-13,1.0,['탈진·탈수'],['인명구조'],4581
2020-11-14,0.0,[],[],8680
2020-11-15,0.0,[],[],6556
2020-11-16,0.0,[],[],4410
2020-11-17,0.0,[],[],3345
2020-11-18,0.0,[],[],2964
2020-11-19,0.0,[],[],1414
2020-11-20,1.0,['개인질환'],['인명구조'],3375
2020-11-21,0.0,[],[],5658
2020-11-22,0.0,[],[],3941
2020-11-23,0.0,[],[],2913
2020-11-24,0.0,[],[],2118
2020-11-25,0.0,[],[],2098
2020-11-26,0.0,[],[],2150
2020-11-27,0.0,[],[],2760
2020-11-28,0.0,[],[],4673
2020-11-29,0.0,[],[],2841
2020-11-30,0.0,[],[],1540
2020-12-01,0.0,"['기타산악', '기타산악']","['인명구조', '인명구조']",1961
2020-12-02,0.0,[],[],1935
2020-12-03,0.0,[],[],1831
2020-12-04,0.0,[],[],2434
2020-12-05,0.0,[],[],4095
2020-12-06,0.0,[],[],3439
2020-12-07,0.0,[],[],2086
2020-12-08,0.0,[],[],2008
2020-12-09,0.0,[],[],1786
2020-12-10,0.0,[],[],1757
2020-12-11,0.0,[],[],1516
2020-12-12,0.0,[],[],3971
2020-12-13,0.0,[],[],2335
2020-12-14,0.0,[],[],1225
2020-12-15,0.0,[],[],1057
2020-12-16,1.0,"['실족추락', '실족추락']","['기타', '인명구조']",1488
2020-12-17,0.0,[],[],1520
2020-12-18,0.0,[],[],1495
2020-12-19,1.0,['개인질환'],['인명구조'],2537
2020-12-20,0.0,[],[],2853
2020-12-21,0.0,[],[],2008
2020-12-22,0.0,[],[],1488
2020-12-23,0.0,[],[],1692
2020-12-24,0.0,[],[],1927
2020-12-25,0.0,[],[],2395
2020-12-26,0.0,[],[],2464
2020-12-27,0.0,[],[],3497
2020-12-28,0.0,[],[],2888
2020-12-29,0.0,[],[],2414
2020-12-30,0.0,[],[],2259
2020-12-31,0.0,[],[],1036
2021-01-01,0.0,[],[],2408
2021-01-02,0.0,[],[],3384
2021-01-03,0.0,[],[],871
2021-01-04,0.0,[],[],1157
2021-01-05,0.0,[],[],625
2021-01-06,0.0,[],[],679
2021-01-07,0.0,[],[],231
2021-01-08,0.0,[],[],267
2021-01-09,0.0,[],[],925
2021-01-10,0.0,[],[],1585
2021-01-11,0.0,[],[],1141
2021-01-12,0.0,[],[],1125
2021-01-13,0.0,[],[],1077
2021-01-14,0.0,[],[],1683
2021-01-15,0.0,[],[],1613
2021-01-16,0.0,[],[],2177
2021-01-17,0.0,[],[],1309
2021-01-18,0.0,[],[],1325
2021-01-19,0.0,[],[],1364
2021-01-20,0.0,[],[],1657
2021-01-21,0.0,[],[],1566
2021-01-22,0.0,[],[],1707
2021-01-23,0.0,[],[],1991
2021-01-24,2.0,"['실족추락', '실족추락']","['인명구조', '인명구조']",2399
2021-01-25,0.0,[],[],2319
2021-01-26,0.0,[],[],1502
2021-01-27,0.0,[],[],2098
2021-01-28,0.0,[],[],950
2021-01-29,0.0,[],[],511
2021-01-30,0.0,[],[],2685
2021-01-31,0.0,[],[],3541
2021-02-01,0.0,[],[],1511
2021-02-02,0.0,[],[],853
2021-02-03,0.0,[],[],843
2021-02-04,0.0,[],[],703
2021-02-05,0.0,[],[],1436
2021-02-06,0.0,['기타산악'],['인명검색'],2435
2021-02-07,0.0,[],[],2215
2021-02-08,0.0,[],[],1243
2021-02-09,0.0,[],[],1044
2021-02-10,0.0,[],[],881
2021-02-11,0.0,[],[],3954
2021-02-12,0.0,[],[],7384
2021-02-13,0.0,[],[],7148
2021-02-14,0.0,[],[],3549
2021-02-15,0.0,[],[],1478
2021-02-16,0.0,[],[],1010
2021-02-17,0.0,[],[],532
2021-02-18,0.0,[],[],1652
2021-02-19,0.0,[],[],1110
2021-02-20,1.0,['일반조난'],['인명구조'],3305
2021-02-21,3.0,"['실족추락', '실족추락', '실족추락', '실족추락', '개인질환']","['인명구조', '인명구조', '기타', '기타', '인명구조']",4176
2021-02-22,0.0,[],[],2778
2021-02-23,0.0,[],[],2627
2021-02-24,0.0,[],[],2508
2021-02-25,0.0,[],[],2625
2021-02-26,0.0,[],[],3255
2021-02-27,2.0,"['실족추락', '실족추락']","['인명구조', '인명구조']",3123
2021-02-28,0.0,[],[],8707
2021-03-01,0.0,[],[],913
2021-03-02,0.0,[],[],3
2021-03-03,0.0,[],[],0
2021-03-04,0.0,['기타산악'],['인명검색'],0
2021-03-05,0.0,['기타산악'],['인명검색'],2468
2021-03-06,0.0,[],[],1360
2021-03-07,0.0,[],[],2893
2021-03-08,0.0,[],[],1550
2021-03-09,0.0,[],[],1389
2021-03-10,0.0,[],[],1297
2021-03-11,0.0,[],[],1482
2021-03-12,0.0,[],[],778
2021-03-13,0.0,[],[],4221
2021-03-14,0.0,[],[],3423
2021-03-15,0.0,[],[],1644
2021-03-16,0.0,[],[],1285
2021-03-17,0.0,[],[],1374
2021-03-18,0.0,[],[],1149
2021-03-19,0.0,[],[],1972
2021-03-20,0.0,[],[],2507
2021-03-21,0.0,[],[],2171
2021-03-22,0.0,[],[],991
2021-03-23,0.0,[],[],904
2021-03-24,0.0,[],[],1624
2021-03-25,0.0,[],[],1524
2021-03-26,0.0,[],[],2378
2021-03-27,0.0,[],[],3676
2021-03-28,0.0,[],[],2540
2021-03-29,0.0,[],[],1179
2021-03-30,0.0,[],[],1849
2021-03-31,0.0,[],[],1770
2021-04-01,0.0,[],[],1821
2021-04-02,0.0,[],[],2611
2021-04-03,0.0,[],[],2184
2021-04-04,0.0,[],[],2756
2021-04-05,1.0,['개인질환'],['인명구조'],2784
2021-04-06,0.0,[],[],2222
2021-04-07,0.0,[],[],2439
2021-04-08,0.0,[],[],2253
2021-04-09,0.0,[],[],3413
2021-04-10,0.0,[],[],6603
2021-04-11,0.0,[],[],4999
2021-04-12,0.0,[],[],2034
2021-04-13,0.0,[],[],1143
2021-04-14,0.0,[],[],1951
2021-04-15,0.0,[],[],2487
2021-04-16,0.0,[],[],2104
2021-04-17,0.0,[],[],4646
2021-04-18,0.0,[],[],4160
2021-04-19,0.0,[],[],1462
2021-04-20,0.0,[],[],2268
2021-04-21,0.0,[],[],2002
2021-04-22,1.0,['일반조난'],['안전조치'],1904
2021-04-23,0.0,[],[],2736
2021-04-24,0.0,['기타산악'],['기타'],5285
2021-04-25,0.0,[],[],4701
2021-04-26,0.0,[],[],2829
2021-04-27,0.0,[],[],2206
2021-04-28,0.0,[],[],1563
2021-04-29,0.0,[],[],1691
2021-04-30,0.0,[],[],2227
2021-05-01,0.0,[],[],4160
2021-05-02,0.0,[],[],6133
2021-05-03,1.0,['일반조난'],['인명구조'],5025
2021-05-04,0.0,[],[],3076
2021-05-05,0.0,[],[],4161
2021-05-06,0.0,[],[],4306
2021-05-07,0.0,[],[],2736
2021-05-08,0.0,[],[],4087
2021-05-09,1.0,"['기타산악', '기타산악']","['인명구조', '인명구조']",3482
2021-05-10,0.0,[],[],2554
2021-05-11,0.0,[],[],2884
2021-05-12,0.0,[],[],2402
2021-05-13,0.0,[],[],2841
2021-05-14,0.0,[],[],3490
2021-05-15,0.0,[],[],5493
2021-05-16,0.0,[],[],792
2021-05-17,1.0,"['실족추락', '기타산악']","['인명구조', '기타']",1634
2021-05-18,0.0,[],[],3968
2021-05-19,3.0,"['탈진·탈수', '기타산악', '탈진·탈수']","['인명구조', '기타', '인명구조']",5218
2021-05-20,0.0,[],[],2961
2021-05-21,0.0,[],[],2000
2021-05-22,0.0,['기타산악'],['기타'],7422
2021-05-23,3.0,"['실족추락', '실족추락', '실족추락', '실족추락', '기타산악']","['인명구조', '인명구조', '인명구조', '인명구조', '인명구조']",5858
2021-05-24,1.0,['탈진·탈수'],['인명구조'],2992
2021-05-25,0.0,[],[],1500
2021-05-26,0.0,[],[],2758
2021-05-27,0.0,[],[],1326
2021-05-28,0.0,[],[],1902
2021-05-29,3.0,"['탈진·탈수', '기타산악']","['인명구조', '인명구조']",6312
2021-05-30,0.0,[],[],5650
2021-05-31,1.0,['탈진·탈수'],['인명구조'],2015
2021-06-01,0.0,['기타산악'],['기타'],1703
2021-06-02,2.0,['탈진·탈수'],['인명구조'],1095
2021-06-03,0.0,[],[],1514
2021-06-04,2.0,['기타산악'],['인명구조'],2530
2021-06-05,1.0,['실족추락'],['인명구조'],5166
2021-06-06,1.0,['일반조난'],['인명구조'],4332
2021-06-07,0.0,[],[],2021
2021-06-08,0.0,[],[],2230
2021-06-09,0.0,[],[],1970
2021-06-10,0.0,[],[],1939
2021-06-11,0.0,[],[],2456
2021-06-12,2.0,"['탈진·탈수', '실족추락']","['인명구조', '인명구조']",4956
2021-06-13,1.0,"['기타산악', '기타산악']","['인명구조', '안전조치']",3962
2021-06-14,1.0,['실족추락'],['인명구조'],2327
2021-06-15,0.0,[],[],1012
2021-06-16,0.0,[],[],1496
2021-06-17,0.0,[],[],1211
2021-06-18,0.0,[],[],2894
2021-06-19,1.0,['탈진·탈수'],['인명구조'],4504
2021-06-20,2.0,"['낙석·낙빙', '개인질환']","['인명구조', '인명구조']",4518
2021-06-21,0.0,[],[],1308
2021-06-22,0.0,[],[],1208
2021-06-23,0.0,[],[],1711
2021-06-24,0.0,[],[],2049
2021-06-25,1.0,['개인질환'],['인명구조'],2422
2021-06-26,3.0,['탈진·탈수'],['인명구조'],2881
2021-06-27,0.0,[],[],4398
2021-06-28,3.0,"['탈진·탈수', '탈진·탈수']","['인명구조', '인명구조']",2910
2021-06-29,4.0,"['일반조난', '탈진·탈수']","['인명구조', '인명구조']",2229
2021-06-30,0.0,[],[],2042
2021-07-01,1.0,['기타산악'],['인명구조'],2901
2021-07-02,2.0,"['기타산악', '일반조난', '기타산악']","['인명구조', '인명구조', '인명구조']",3765
2021-07-03,0.0,[],[],4825
2021-07-04,0.0,[],[],2728
2021-07-05,0.0,[],[],3970
2021-07-06,0.0,[],[],3428
2021-07-07,3.0,"['탈진·탈수', '일반조난', '기타산악']","['인명구조', '인명구조', '인명구조']",2680
2021-07-08,0.0,[],[],1945
2021-07-09,0.0,[],[],2667
2021-07-10,4.0,"['탈진·탈수', '일반조난']","['인명구조', '인명구조']",4544
2021-07-11,2.0,"['개인질환', '개인질환', '기타산악', '실족추락']","['인명구조', '인명구조', '기타', '인명구조']",4011
2021-07-12,2.0,"['실족추락', '기타산악', '탈진·탈수']","['인명구조', '인명구조', '인명구조']",2961
2021-07-13,0.0,[],[],2827
2021-07-14,0.0,[],[],2490
2021-07-15,0.0,[],[],2230
2021-07-16,0.0,[],[],2804
2021-07-17,0.0,[],[],3692
2021-07-18,1.0,['실족추락'],['인명구조'],4312
2021-07-19,0.0,[],[],3453
2021-07-20,0.0,[],[],3024
2021-07-21,0.0,[],[],2512
2021-07-22,1.0,['탈진·탈수'],['인명구조'],3194
2021-07-23,2.0,"['실족추락', '실족추락', '기타산악']","['인명구조', '인명구조', '기타']",2876
2021-07-24,0.0,[],[],3898
2021-07-25,1.0,['탈진·탈수'],['인명구조'],3698
2021-07-26,1.0,['탈진·탈수'],['인명구조'],3002
2021-07-27,0.0,[],[],2934
2021-07-28,1.0,"['기타산악', '탈진·탈수']","['인명구조', '인명구조']",2952
2021-07-29,4.0,"['기타산악', '탈진·탈수']","['인명구조', '인명구조']",3137
2021-07-30,1.0,"['탈진·탈수', '개인질환', '탈진·탈수']","['인명구조', '인명구조', '기타']",3944
2021-07-31,3.0,['일반조난'],['인명구조'],4579
2021-08-01,0.0,[],[],4926
2021-08-02,0.0,[],[],5030
2021-08-03,0.0,[],[],5278
2021-08-04,1.0,['기타산악'],['인명구조'],4144
2021-08-05,0.0,[],[],4511
2021-08-06,1.0,"['개인질환', '개인질환']","['인명구조', '인명구조']",4290
2021-08-07,0.0,[],[],4896
2021-08-08,2.0,['개인질환'],['인명구조'],3244
2021-08-09,0.0,[],[],2058
2021-08-10,0.0,[],[],4150
2021-08-11,2.0,"['기타산악', '탈진·탈수']","['인명구조', '인명구조']",3872
2021-08-12,2.0,['탈진·탈수'],['인명구조'],3991
2021-08-13,1.0,['실족추락'],['인명구조'],4214
2021-08-14,0.0,[],[],2899
2021-08-15,0.0,[],[],6423
2021-08-16,1.0,['실족추락'],['인명구조'],5060
2021-08-17,0.0,[],[],2361
2021-08-18,0.0,[],[],957
2021-08-19,3.0,['탈진·탈수'],['인명구조'],3230
2021-08-20,1.0,['탈진·탈수'],['인명구조'],3623
2021-08-21,1.0,['실족추락'],['인명구조'],2749
2021-08-22,0.0,[],[],4900
2021-08-23,0.0,[],[],3587
2021-08-24,0.0,[],[],1134
2021-08-25,1.0,['일반조난'],['인명구조'],1663
2021-08-26,0.0,[],[],2979
2021-08-27,0.0,[],[],2523
2021-08-28,7.0,"['탈진·탈수', '실족추락', '기타산악', '일반조난']","['인명구조', '인명구조', '인명구조', '인명구조']",5265
2021-08-29,1.0,"['개인질환', '기타산악']","['인명구조', '인명구조']",4445
2021-08-30,0.0,[],[],3532
2021-08-31,1.0,['기타산악'],['인명구조'],1997
2021-09-01,0.0,[],[],427
2021-09-02,0.0,[],[],2520
2021-09-03,0.0,[],[],3444
2021-09-04,2.0,"['실족추락', '실족추락']","['인명구조', '인명구조']",4236
2021-09-05,0.0,[],[],3068
2021-09-06,0.0,[],[],2445
2021-09-07,0.0,[],[],560
2021-09-08,0.0,[],[],1828
2021-09-09,0.0,[],[],2823
2021-09-10,0.0,[],[],3092
2021-09-11,4.0,"['탈진·탈수', '개인질환', '기타산악']","['인명구조', '인명구조', '인명구조']",5607
2021-09-12,5.0,"['일반조난', '탈진·탈수', '개인질환']","['인명구조', '인명구조', '인명구조']",4300
2021-09-13,0.0,[],[],2489
2021-09-14,0.0,[],[],1646
2021-09-15,0.0,[],[],2096
2021-09-16,0.0,[],[],1587
2021-09-17,0.0,[],[],1445
2021-09-18,3.0,"['기타산악', '실족추락', '실족추락']","['인명구조', '인명구조', '인명구조']",5702
2021-09-19,2.0,"['실족추락', '실족추락']","['인명구조', '인명구조']",10200
2021-09-20,0.0,[],[],12194
2021-09-21,3.0,['탈진·탈수'],['인명구조'],6637
2021-09-22,0.0,[],[],5681
2021-09-23,0.0,[],[],4226
2021-09-24,0.0,[],[],3014
2021-09-25,0.0,[],[],2368
2021-09-26,2.0,"['실족추락', '탈진·탈수']","['인명구조', '인명구조']",5690
2021-09-27,0.0,[],[],2916
2021-09-28,0.0,[],[],2750
2021-09-29,0.0,[],[],804
2021-09-30,0.0,[],[],2682
2021-10-01,3.0,['탈진·탈수'],['인명구조'],3216
2021-10-02,1.0,['개인질환'],['인명구조'],8592
2021-10-03,5.0,"['탈진·탈수', '개인질환']","['인명구조', '인명구조']",11611
2021-10-04,1.0,['탈진·탈수'],['인명구조'],5167
2021-10-05,0.0,[],[],1542
2021-10-06,0.0,[],[],744
2021-10-07,2.0,['탈진·탈수'],['인명구조'],2822
2021-10-08,2.0,"['탈진·탈수', '일반조난']","['인명구조', '인명구조']",2363
2021-10-09,6.0,"['기타산악', '기타산악', '일반조난', '탈진·탈수', '탈진·탈수']","['인명구조', '인명구조', '기타', '인명구조', '인명구조']",7792
2021-10-10,2.0,"['탈진·탈수', '탈진·탈수']","['인명구조', '인명구조']",15546
2021-10-11,0.0,[],[],7484
2021-10-12,2.0,"['탈진·탈수', '탈진·탈수']","['인명구조', '인명구조']",5952
2021-10-13,2.0,"['실족추락', '기타산악', '탈진·탈수']","['인명구조', '안전조치', '인명구조']",5934
2021-10-14,4.0,"['탈진·탈수', '일반조난', '일반조난']","['인명구조', '인명구조', '인명구조']",7542
2021-10-15,0.0,[],[],3146
2021-10-16,4.0,"['개인질환', '개인질환']","['인명구조', '인명구조']",13461
2021-10-17,2.0,"['실족추락', '실족추락', '일반조난']","['인명구조', '기타', '기타']",11725
2021-10-18,1.0,['탈진·탈수'],['인명구조'],9652
2021-10-19,0.0,[],[],5568
2021-10-20,0.0,[],[],8717
2021-10-21,1.0,['기타산악'],['인명구조'],8559
2021-10-22,1.0,['일반조난'],['인명구조'],7488
2021-10-23,8.0,"['실족추락', '실족추락', '실족추락', '실족추락', '탈진·탈수', '실족추락', '탈진·탈수']","['인명구조', '인명구조', '인명구조', '인명구조', '인명구조', '인명구조', '인명구조']",16817
2021-10-24,3.0,"['탈진·탈수', '탈진·탈수']","['인명구조', '인명구조']",13316
2021-10-25,3.0,"['탈진·탈수', '개인질환']","['인명구조', '인명구조']",9884
2021-10-26,2.0,"['실족추락', '기타산악']","['인명구조', '인명구조']",9014
2021-10-27,2.0,['실족추락'],['인명구조'],7828
2021-10-28,0.0,[],[],8120
2021-10-29,1.0,['탈진·탈수'],['인명구조'],9930
2021-10-30,5.0,"['저체온증', '개인질환', '기타산악', '실족추락', '탈진·탈수', '탈진·탈수', '탈진·탈수']","['인명구조', '인명구조', '인명구조', '인명구조', '인명구조', '기타', '인명구조']",16627
2021-10-31,2.0,"['실족추락', '탈진·탈수']","['인명구조', '인명검색']",11093
2021-11-01,0.0,[],[],8024
2021-11-02,3.0,['탈진·탈수'],['인명구조'],4934
2021-11-03,0.0,[],[],6783
2021-11-04,0.0,[],[],6443
2021-11-05,0.0,[],[],7855
2021-11-06,0.0,[],[],13114
2021-11-07,2.0,"['개인질환', '일반조난']","['인명구조', '인명구조']",9818
2021-11-08,0.0,[],[],2594
2021-11-09,1.0,['실족추락'],['인명구조'],4350
2021-11-10,0.0,[],[],2190
2021-11-11,2.0,['탈진·탈수'],['인명구조'],2725
2021-11-12,0.0,[],[],4454
2021-11-13,1.0,['실족추락'],['인명구조'],8514
2021-11-14,0.0,[],[],6876
2021-11-15,0.0,[],[],5416
2021-11-16,0.0,[],[],3976
2021-11-17,0.0,[],[],3474
2021-11-18,0.0,[],[],2361
2021-11-19,0.0,[],[],3905
2021-11-20,0.0,[],[],8284
2021-11-21,0.0,[],[],5736
2021-11-22,0.0,[],[],1795
2021-11-23,0.0,[],[],1175
2021-11-24,0.0,[],[],1623
2021-11-25,0.0,[],[],2704
2021-11-26,0.0,[],[],2404
2021-11-27,0.0,[],[],6920
2021-11-28,0.0,[],[],5504
2021-11-29,0.0,[],[],3767
2021-11-30,0.0,[],[],1232
2021-12-01,0.0,[],[],2353
2021-12-02,0.0,[],[],1034
2021-12-03,1.0,['실족추락'],['인명구조'],2244
2021-12-04,0.0,[],[],5105
2021-12-05,0.0,[],[],5830
2021-12-06,0.0,[],[],4242
2021-12-07,0.0,[],[],867
2021-12-08,0.0,[],[],3226
2021-12-09,0.0,[],[],2957
2021-12-10,0.0,[],[],4018
2021-12-11,0.0,[],[],8079
2021-12-12,0.0,[],[],2532
2021-12-13,0.0,[],[],3803
2021-12-14,0.0,[],[],1895
2021-12-15,0.0,[],[],1839
2021-12-16,0.0,[],[],2800
2021-12-17,0.0,[],[],771
2021-12-18,0.0,[],[],1962
2021-12-19,0.0,[],[],1060
2021-12-20,0.0,[],[],3235
2021-12-21,0.0,[],[],2377
2021-12-22,0.0,[],[],2700
2021-12-23,0.0,[],[],2959
2021-12-24,0.0,[],[],2434
2021-12-25,0.0,[],[],875
2021-12-26,0.0,[],[],863
2021-12-27,0.0,[],[],877
2021-12-28,0.0,[],[],4972
2021-12-29,0.0,[],[],3205
2021-12-30,0.0,[],[],846
2021-12-31,0.0,[],[],2220
2022-01-01,0.0,[],[],7427
2022-01-02,0.0,[],[],2438
2022-01-03,0.0,[],[],1552
2022-01-04,0.0,[],[],3426
2022-01-05,0.0,[],[],2476
2022-01-06,0.0,[],[],2944
2022-01-07,0.0,[],[],3969
2022-01-08,1.0,['실족추락'],['인명구조'],3109
2022-01-09,0.0,[],[],5246
2022-01-10,0.0,[],[],3937
2022-01-11,1.0,"['개인질환', '실족추락']","['인명구조', '인명구조']",1060
2022-01-12,0.0,[],[],2522
2022-01-13,1.0,['실족추락'],['인명구조'],528
2022-01-14,0.0,[],[],4015
2022-01-15,0.0,[],[],5761
2022-01-16,0.0,[],[],4166
2022-01-17,0.0,[],[],1717
2022-01-18,0.0,[],[],2982
2022-01-19,0.0,[],[],1481
2022-01-20,0.0,[],[],3042
2022-01-21,0.0,[],[],3734
2022-01-22,0.0,[],[],6723
2022-01-23,2.0,"['실족추락', '실족추락', '기타산악']","['인명구조', '인명구조', '기타']",5429
2022-01-24,0.0,[],[],3468
2022-01-25,0.0,[],[],2697
2022-01-26,0.0,[],[],2876
2022-01-27,3.0,['실족추락'],['인명구조'],2289
2022-01-28,0.0,[],[],2696
2022-01-29,2.0,['탈진·탈수'],['인명구조'],5253
2022-01-30,0.0,[],[],7553
2022-01-31,0.0,[],[],8085
2022-02-01,0.0,[],[],1870
2022-02-02,0.0,[],[],3420
2022-02-03,0.0,[],[],3450
2022-02-04,1.0,['개인질환'],['기타'],1853
2022-02-05,2.0,['개인질환'],['인명구조'],1781
2022-02-06,0.0,[],[],1176
2022-02-07,0.0,[],[],2844
2022-02-08,0.0,[],[],2436
2022-02-09,0.0,[],[],2655
2022-02-10,2.0,"['일반조난', '기타산악']","['인명구조', '인명구조']",2827
2022-02-11,0.0,[],[],3083
2022-02-12,1.0,"['실족추락', '기타산악']","['인명구조', '기타']",5582
2022-02-13,0.0,[],[],4486
2022-02-14,0.0,[],[],3614
2022-02-15,0.0,[],[],1307
2022-02-16,0.0,[],[],833
2022-02-17,0.0,[],[],2551
2022-02-18,0.0,[],[],3927
2022-02-19,0.0,[],[],5346
2022-02-20,0.0,[],[],3534
2022-02-21,0.0,[],[],2800
2022-02-22,0.0,[],[],1227
2022-02-23,0.0,[],[],2700
2022-02-24,0.0,[],[],2641
2022-02-25,0.0,[],[],2930
2022-02-26,1.0,['실족추락'],['인명구조'],3335
2022-02-27,0.0,[],[],3794
2022-02-28,0.0,[],[],6348
2022-03-01,1.0,['사고부상_실족'],['보호자 인계/자체처리'],3288
2022-03-02,0.0,[],[],1409
2022-03-03,0.0,[],[],1716
2022-03-04,0.0,[],[],1062
2022-03-05,0.0,[],[],1439
2022-03-06,0.0,[],[],3392
2022-03-07,0.0,[],[],1599
2022-03-08,1.0,"['사고부상_실족', '사고부상_실족']","['구급대 인계', '구급대 인계']",1214
2022-03-09,0.0,[],[],2165
2022-03-10,0.0,[],[],1614
2022-03-11,0.0,[],[],1632
2022-03-12,0.0,[],[],4240
2022-03-13,0.0,[],[],762
2022-03-14,0.0,[],[],503
2022-03-15,0.0,[],[],1403
2022-03-16,0.0,[],[],1322
2022-03-17,0.0,[],[],301
2022-03-18,0.0,[],[],742
2022-03-19,0.0,[],[],1796
2022-03-20,0.0,[],[],5047
2022-03-21,0.0,[],[],1816
2022-03-22,0.0,[],[],1677
2022-03-23,0.0,[],[],1422
2022-03-24,0.0,[],[],600
2022-03-25,0.0,[],[],2075
2022-03-26,0.0,[],[],3154
2022-03-27,0.0,[],[],3779
2022-03-28,0.0,[],[],1945
2022-03-29,0.0,[],[],1833
2022-03-30,0.0,[],[],1307
2022-03-31,0.0,[],[],365
2022-04-01,0.0,[],[],2667
2022-04-02,0.0,[],[],5602
2022-04-03,0.0,[],[],4271
2022-04-04,0.0,[],[],2023
2022-04-05,0.0,[],[],1034
2022-04-06,0.0,[],[],1365
2022-04-07,0.0,[],[],1351
2022-04-08,0.0,[],[],2902
2022-04-09,0.0,[],[],2391
2022-04-10,0.0,[],[],2264
2022-04-11,0.0,[],[],3100
2022-04-12,0.0,[],[],2330
2022-04-13,0.0,[],[],606
2022-04-14,0.0,[],[],1787
2022-04-15,0.0,[],[],3424
2022-04-16,0.0,[],[],6147
2022-04-17,0.0,[],[],4652
2022-04-18,0.0,[],[],2494
2022-04-19,0.0,[],[],2808
2022-04-20,0.0,[],[],1858
2022-04-21,0.0,[],[],2438
2022-04-22,0.0,[],[],1719
2022-04-23,0.0,[],[],6811
2022-04-24,0.0,[],[],5748
2022-04-25,0.0,[],[],3214
2022-04-26,0.0,[],[],2808
2022-04-27,0.0,[],[],2630
2022-04-28,0.0,[],[],2316
2022-04-29,0.0,[],[],1504
2022-04-30,0.0,[],[],8273
2022-05-01,0.0,[],[],5181
2022-05-02,0.0,[],[],3903
2022-05-03,0.0,[],[],3131
2022-05-04,0.0,[],[],1939
2022-05-05,0.0,[],[],7849
2022-05-06,0.0,[],[],10552
2022-05-07,0.0,[],[],3952
2022-05-08,0.0,[],[],5877
2022-05-09,1.0,['사고부상_실족'],['보호자 인계'],4025
2022-05-10,0.0,[],[],3086
2022-05-11,0.0,[],[],3687
2022-05-12,0.0,[],[],3478
2022-05-13,0.0,[],[],3721
2022-05-14,0.0,[],[],5867
2022-05-15,0.0,[],[],7064
2022-05-16,0.0,[],[],4080
2022-05-17,1.0,['조난·수색_길잃음'],['자체처리'],3811
2022-05-18,0.0,[],[],2154
2022-05-19,1.0,['사고부상_실족'],['항공대 인계/자체처리'],3895
2022-05-20,0.0,[],[],4280
2022-05-21,5.0,"['사고부상_실족', '조난·수색_길잃음', '조난·수색_고립']","['구급대 인계', '항공대 인계', '보호자 인계']",6158
2022-05-22,2.0,"['사고부상_추락', '사고부상_추락']","['항공대 인계', '구급대 인계']",5055
2022-05-23,0.0,[],[],4536
2022-05-24,1.0,['조난·수색_길잃음'],['자체처리'],2400
2022-05-25,1.0,['사고부상_실족'],['구급대 인계/자체처리'],3020
2022-05-26,0.0,[],[],3196
2022-05-27,0.0,[],[],2281
2022-05-28,3.0,"['사고부상_실족', '기타 산악_기타산악', '기타 산악_기타산악']","['자체처리', '보호자 인계', '보호자 인계']",4703
2022-05-29,2.0,"['사고부상_교상(물림)', '질환_경련']","['구급대 인계', '보호자 인계']",4356
2022-05-30,0.0,[],[],2347
2022-05-31,2.0,"['사고부상_실족', '사고부상_기타사고', '사고부상_기타사고', '사고부상_기타사고']","['구급대 인계', '기타활동', '항공대 인계', '보호자 인계']",3896
2022-06-01,0.0,[],[],4288
2022-06-02,0.0,[],[],4128
2022-06-03,0.0,[],[],3203
2022-06-04,1.0,['사고부상_실족'],['구급대 인계/기타안전조치/기타 구조활동'],6963
2022-06-05,3.0,"['질환_탈진탈수', '질환_탈진탈수']","['구급대 인계', '자체처리']",7993
2022-06-06,0.0,[],[],825
2022-06-07,0.0,[],[],1259
2022-06-08,0.0,[],[],4386
2022-06-09,0.0,[],[],3660
2022-06-10,0.0,['조난·수색_고립'],['타기관 인계'],5464
2022-06-11,1.0,"['사고부상_추락', '사고부상_실족']","['타기관 인계', '자체처리']",6422
2022-06-12,3.0,"['사고부상_낙석낙빙', '사고부상_추락', '사고부상_실족']","['구급대 인계', '구급대 인계/기타 구조활동', '구급대 인계']",5462
2022-06-13,0.0,[],[],3001
2022-06-14,0.0,[],[],2232
2022-06-15,0.0,[],[],1493
2022-06-16,1.0,['질환_탈진탈수'],['보호자 인계'],4912
2022-06-17,0.0,[],[],4434
2022-06-18,2.0,"['질환_기타질환', '사고부상_실족']","['구급대 인계', '구급대 인계']",4813
2022-06-19,2.0,"['질환_경련', '사고부상_추락']","['보호자 인계', '항공대 인계']",4578
2022-06-20,0.0,[],[],3051
2022-06-21,0.0,[],[],3725
2022-06-22,0.0,[],[],3129
2022-06-23,0.0,[],[],2144
2022-06-24,0.0,[],[],2704
2022-06-25,2.0,['질환_경련'],['자체처리'],2385
2022-06-26,1.0,['사고부상_기타사고'],['구급대 인계'],2063
2022-06-27,0.0,[],[],2832
2022-06-28,0.0,[],[],2517
2022-06-29,0.0,[],[],2189
2022-06-30,0.0,[],[],701
2022-07-01,0.0,[],[],3442
2022-07-02,1.0,['질환_탈진탈수'],['인명구조'],4544
2022-07-03,1.0,['기타 산악_기타산악'],['보호자 인계'],2587
2022-07-04,0.0,[],[],2358
2022-07-05,0.0,[],[],2474
2022-07-06,0.0,[],[],2321
2022-07-07,2.0,"['질환_탈진탈수', '질환_탈진탈수']","['보호자 인계/기타안전조치', '보호자 인계/기타안전조치']",2644
2022-07-08,2.0,"['질환_경련', '질환_경련']","['자체처리/기타안전조치', '자체처리']",2731
2022-07-09,0.0,[],[],4081
2022-07-10,0.0,[],[],3965
2022-07-11,1.0,['조난·수색_길잃음'],['자체처리'],2097
2022-07-12,0.0,[],[],2442
2022-07-13,0.0,[],[],1134
2022-07-14,0.0,[],[],3036
2022-07-15,2.0,"['사고부상_실족', '사고부상_실족']","['보호자 인계', '보호자 인계']",4338
2022-07-16,4.0,['질환_탈진탈수'],['자체처리/기타 구조활동'],4802
2022-07-17,0.0,[],[],4366
2022-07-18,0.0,[],[],4364
2022-07-19,0.0,[],[],3457
2022-07-20,0.0,[],[],2661
2022-07-21,0.0,[],[],655
2022-07-22,0.0,[],[],2955
2022-07-23,0.0,[],[],6001
2022-07-24,1.0,"['사고부상_실족', '사고부상_실족']","['구급대 인계', '항공대 인계']",4269
2022-07-25,1.0,['질환_탈진탈수'],['보호자 인계'],5357
2022-07-26,0.0,[],[],4503
2022-07-27,0.0,[],[],4545
2022-07-28,0.0,[],[],3965
2022-07-29,0.0,[],[],5874
2022-07-30,0.0,[],[],5101
2022-07-31,0.0,[],[],4244
2022-08-01,0.0,[],[],5539
2022-08-02,1.0,['사고부상_기타사고'],['보호자 인계'],4136
2022-08-03,0.0,[],[],3486
2022-08-04,0.0,[],[],3650
2022-08-05,2.0,"['사고부상_추락', '사고부상_추락', '사고부상_실족']","['구급대 인계', '항공대 인계', '보호자 인계']",4381
2022-08-06,0.0,[],[],4320
2022-08-07,1.0,['질환_탈진탈수'],['자체처리'],4150
2022-08-08,0.0,[],[],1525
2022-08-09,0.0,[],[],1264
2022-08-10,0.0,[],[],2250
2022-08-11,0.0,[],[],2604
2022-08-12,0.0,[],[],4760
2022-08-13,1.0,['기타 산악_기타산악'],['자체처리'],6071
2022-08-14,0.0,[],[],6321
2022-08-15,1.0,['사고부상_실족'],['보호자 인계'],4811
2022-08-16,0.0,[],[],4807
2022-08-17,0.0,[],[],1131
2022-08-18,2.0,"['사고부상_실족', '질환_기타질환']","['구급대 인계', '자체처리/기타안전조치']",5958
2022-08-19,0.0,[],[],3926
2022-08-20,0.0,[],[],3284
2022-08-21,2.0,"['질환_기타질환', '사고부상_실족']","['자체처리/기타안전조치', '자체처리/기타안전조치']",4656
2022-08-22,0.0,[],[],3507
2022-08-23,0.0,[],[],2947
2022-08-24,0.0,[],[],4016
2022-08-25,0.0,[],[],3497
2022-08-26,0.0,[],[],5555
2022-08-27,1.0,['사고부상_교상(물림)'],['구급대 인계'],6749
2022-08-28,0.0,[],[],6618
2022-08-29,0.0,[],[],4193
2022-08-30,0.0,[],[],1037
2022-08-31,0.0,[],[],1613
2022-09-01,0.0,[],[],4680
2022-09-02,0.0,[],[],3587
2022-09-03,1.0,"['기타 산악_기타산악', '사고부상_추락']","['구급대 인계', '타기관 인계']",5563
2022-09-04,0.0,[],[],778
2022-09-05,0.0,[],[],153
2022-09-06,0.0,[],[],446
2022-09-07,1.0,['조난·수색_고립'],['보호자 인계'],1953
2022-09-08,0.0,[],[],3787
2022-09-09,0.0,[],[],7500
2022-09-10,1.0,['질환_기타질환'],['구급대 인계'],9267
2022-09-11,2.0,"['기타 산악_기타산악', '사고부상_실족']","['자체처리', '항공대 인계']",9217
2022-09-12,1.0,['사고부상_추락'],['구급대 인계/자체처리'],6302
2022-09-13,1.0,['사고부상_실족'],['구급대 인계'],3731
2022-09-14,0.0,[],[],2967
2022-09-15,1.0,['조난·수색_길잃음'],['자체처리'],2925
2022-09-16,3.0,"['질환_기타질환', '질환_탈진탈수']","['구급대 인계', '인명구조']",3318
2022-09-17,6.0,"['사고부상_추락', '사고부상_실족', '사고부상_추락', '사고부상_추락', '사고부상_추락']","['타기관 인계', '구급대 인계', '항공대 인계', '구급대 인계', '항공대 인계/자체처리']",6826
2022-09-18,0.0,[],[],5031
2022-09-19,1.0,['사고부상_실족'],['보호자 인계'],773
2022-09-20,0.0,[],[],1997
2022-09-21,1.0,['사고부상_실족'],['자체처리'],4798
2022-09-22,0.0,[],[],4472
2022-09-23,0.0,[],[],4124
2022-09-24,4.0,"['사고부상_추락', '질환_탈진탈수']","['구급대 인계', '구급대 인계/자체처리']",6616
2022-09-25,1.0,['사고부상_실족'],['구급대 인계'],6826
2022-09-26,3.0,"['사고부상_실족', '사고부상_실족', '조난·수색_수색(원인미상)']","['구급대 인계', '구급대 인계', '보호자 인계']",5677
2022-09-27,0.0,[],[],5517
2022-09-28,0.0,[],[],4850
2022-09-29,0.0,[],[],5680
2022-09-30,1.0,['질환_탈진탈수'],['자체처리'],5927
